Model,accuracy,f1_score,time
SVC,0.75,0.7433333333333334,2.8919925689697266
SupportVectorMachineCustom,0.6625,0.6259514616657474,6.185346841812134
RandomForestClassifier,0.75,0.7341020265548568,0.1643373966217041
RandomForest,0.6375,0.559264193482271,5.203881025314331
