Model,accuracy,f1_score,time
SVC,0.75,0.7433333333333334,3.1773574352264404
SupportVectorMachineCustom,0.6625,0.6259514616657474,5.601506471633911
