Model,MAE,MSE,R2 Score,time
LassoRegressionCustom,13.315356993923704,306.0830341103733,0.4218226519900362,0.10277819633483887
RidgeRegressionCustom,13.271886773500013,303.7106991078725,0.4263038881497724,0.013462543487548828
Lasso,13.273135126257788,303.6755617160147,0.42637026113284004,0.015697717666625977
Ridge,13.271886773500153,303.71069910788935,0.4263038881497405,0.021626710891723633
