Model,MAE,MSE,R2 Score,time
Lasso,0.34266434219063663,0.16587344816673752,0.3212339716962146,0.011001825332641602
LassoCustom,0.3471771974352064,0.16394358290363265,0.3291311185529098,0.037014007568359375
Ridge,0.3465870278578124,0.17061665508208734,0.3018244293316118,0.017002105712890625
RidgeCustom,0.34658702785781237,0.17061665508208707,0.301824429331613,0.0010018348693847656
